{
	"credit": "Made with Blockbench",
	"textures": {
		"2": "item/ghast_tear/1",
		"particle": "item/ghast_tear/1"
	},
	"elements": [
		{
			"from": [0, 0, 15],
			"to": [16, 4, 16],
			"faces": {
				"north": {"uv": [0, 8, 16, 12], "texture": "#2"},
				"east": {"uv": [0, 0, 1, 4], "texture": "#2"},
				"south": {"uv": [0, 4, 16, 8], "texture": "#2"},
				"west": {"uv": [0, 0, 1, 4], "texture": "#2"},
				"up": {"uv": [0, 13, 16, 14], "texture": "#2"},
				"down": {"uv": [0, 12, 16, 13], "texture": "#2"}
			}
		}
	],
	"display": {
		"thirdperson_righthand": {
			"translation": [0, 6.25, -6.5]
		},
		"thirdperson_lefthand": {
			"translation": [0, 6.25, -6.5]
		},
		"firstperson_righthand": {
			"translation": [0, 10.25, 0]
		},
		"firstperson_lefthand": {
			"translation": [0, 10.25, 0]
		},
		"fixed": {
			"translation": [0, 0, -16],
			"scale": [2, 2, 2]
		}
	}
}