{
  "parent": "minecraft:item/generated",
  "textures": {
    "layer0": "minecraft:item/phantom_membrane"
  },

    "overrides": [
        {
            "predicate": { "custom_model_data": 1 },
            "model": "item/phantom_membrane/1"
        },


        {
            "predicate": { "custom_model_data": 2 },
            "model": "item/phantom_membrane/2"
        },


        {
            "predicate": { "custom_model_data": 3 },
            "model": "item/phantom_membrane/3"
        },



        {
            "predicate": { "custom_model_data": 4 },
            "model": "item/phantom_membrane/4"
        },


        {
            "predicate": { "custom_model_data": 5 },
            "model": "item/phantom_membrane/5"
        },


        {
            "predicate": { "custom_model_data": 6 },
            "model": "item/phantom_membrane/6"
        },



        {
            "predicate": { "custom_model_data": 7 },
            "model": "item/phantom_membrane/7"
        },


        {
            "predicate": { "custom_model_data": 8 },
            "model": "item/phantom_membrane/8"
        },


        {
            "predicate": { "custom_model_data": 9 },
            "model": "item/phantom_membrane/9"
        },


        {
            "predicate": { "custom_model_data": 10 },
            "model": "item/phantom_membrane/10"
        },


        {
            "predicate": { "custom_model_data": 11 },
            "model": "item/phantom_membrane/11"
        },


        {
            "predicate": { "custom_model_data": 12 },
            "model": "item/phantom_membrane/12"
        },


        {
            "predicate": { "custom_model_data": 13 },
            "model": "item/phantom_membrane/13"
        },



        {
            "predicate": { "custom_model_data": 14 },
            "model": "item/phantom_membrane/14"
        },


        {
            "predicate": { "custom_model_data": 15 },
            "model": "item/phantom_membrane/15"
        },



        {
            "predicate": { "custom_model_data": 16 },
            "model": "item/phantom_membrane/16"
        },
        {
            "predicate": { "custom_model_data": 17 },
            "model": "item/phantom_membrane/17"
        },
        {
            "predicate": { "custom_model_data": 18 },
            "model": "item/phantom_membrane/18"
        },
        {
            "predicate": { "custom_model_data": 19 },
            "model": "item/phantom_membrane/19"
        },
        {
            "predicate": { "custom_model_data": 20 },
            "model": "item/phantom_membrane/20"
        },
        {
            "predicate": { "custom_model_data": 21 },
            "model": "item/phantom_membrane/21"
        },
        {
            "predicate": { "custom_model_data": 22 },
            "model": "item/phantom_membrane/22"
        },
        {
            "predicate": { "custom_model_data": 23 },
            "model": "item/phantom_membrane/23"
        },
        {
            "predicate": { "custom_model_data": 24 },
            "model": "item/phantom_membrane/24"
        },
        {
            "predicate": { "custom_model_data": 25 },
            "model": "item/phantom_membrane/25"
        },
        {
            "predicate": { "custom_model_data": 26 },
            "model": "item/phantom_membrane/26"
        },
        {
            "predicate": { "custom_model_data": 27 },
            "model": "item/phantom_membrane/27"
        },
        {
            "predicate": { "custom_model_data": 28 },
            "model": "item/phantom_membrane/28"
        },
        {
            "predicate": { "custom_model_data": 29 },
            "model": "item/phantom_membrane/29"
        },
        {
            "predicate": { "custom_model_data": 30 },
            "model": "item/phantom_membrane/30"
        },
        {
            "predicate": { "custom_model_data": 31 },
            "model": "item/phantom_membrane/31"
        },
        {
            "predicate": { "custom_model_data": 32 },
            "model": "item/phantom_membrane/32"
        },
        {
            "predicate": { "custom_model_data": 33 },
            "model": "item/phantom_membrane/33"
        },
        {
            "predicate": { "custom_model_data": 34 },
            "model": "item/phantom_membrane/34"
        },
        {
            "predicate": { "custom_model_data": 35 },
            "model": "item/phantom_membrane/35"
        },
        {
            "predicate": { "custom_model_data": 36 },
            "model": "item/phantom_membrane/36"
        },
        {
            "predicate": { "custom_model_data": 37 },
            "model": "item/phantom_membrane/37"
        },
        {
            "predicate": { "custom_model_data": 38 },
            "model": "item/phantom_membrane/38"
        },
        {
            "predicate": { "custom_model_data": 39 },
            "model": "item/phantom_membrane/39"
        },
        {
            "predicate": { "custom_model_data": 40 },
            "model": "item/phantom_membrane/40"
        },
        {
            "predicate": { "custom_model_data": 41 },
            "model": "item/phantom_membrane/41"
        },
        {
            "predicate": { "custom_model_data": 42 },
            "model": "item/phantom_membrane/42"
        },
        {
            "predicate": { "custom_model_data": 43 },
            "model": "item/phantom_membrane/43"
        },
        {
            "predicate": { "custom_model_data": 44 },
            "model": "item/phantom_membrane/44"
        },
        {
            "predicate": { "custom_model_data": 45 },
            "model": "item/phantom_membrane/45"
        },
        {
            "predicate": { "custom_model_data": 46 },
            "model": "item/phantom_membrane/46"
        },
        {
            "predicate": { "custom_model_data": 47 },
            "model": "item/phantom_membrane/47"
        },
        {
            "predicate": { "custom_model_data": 48 },
            "model": "item/phantom_membrane/48"
        },
        {"predicate": { "custom_model_data": 49 },"model": "item/phantom_membrane/49"},
        {"predicate": { "custom_model_data": 50 },"model": "item/phantom_membrane/50"},
        {"predicate": { "custom_model_data": 51 },"model": "item/phantom_membrane/51"},
        {"predicate": { "custom_model_data": 52 },"model": "item/phantom_membrane/52"},
        {"predicate": { "custom_model_data": 53 },"model": "item/phantom_membrane/53"},
        {"predicate": { "custom_model_data": 54 },"model": "item/phantom_membrane/54"},
        {"predicate": { "custom_model_data": 55 },"model": "item/phantom_membrane/55"},
        {"predicate": { "custom_model_data": 56 },"model": "item/phantom_membrane/56"},
        {"predicate": { "custom_model_data": 57 },"model": "item/phantom_membrane/57"},
        {"predicate": { "custom_model_data": 58 },"model": "item/phantom_membrane/58"},
        {"predicate": { "custom_model_data": 59 },"model": "item/phantom_membrane/59"},
        {"predicate": { "custom_model_data": 60 },"model": "item/phantom_membrane/60"},
        {"predicate": { "custom_model_data": 61 },"model": "item/phantom_membrane/61"},
        {"predicate": { "custom_model_data": 62 },"model": "item/phantom_membrane/62"},
        {"predicate": { "custom_model_data": 63 },"model": "item/phantom_membrane/63"},
        {"predicate": { "custom_model_data": 64 },"model": "item/phantom_membrane/64"},
        {"predicate": { "custom_model_data": 65 },"model": "item/phantom_membrane/65"},
        {"predicate": { "custom_model_data": 66 },"model": "item/phantom_membrane/66"},
        {"predicate": { "custom_model_data": 67 },"model": "item/phantom_membrane/67"},
        {"predicate": { "custom_model_data": 68 },"model": "item/phantom_membrane/68"}

    ]

  
}