{
  "parent": "minecraft:item/generated",
  "textures": {
    "layer0": "minecraft:item/rabbit_foot"
  },

    "overrides": [
        {
            "predicate": { "custom_model_data": 1 },
            "model": "item/rabbit_foot/1"
        },


        {
            "predicate": { "custom_model_data": 2 },
            "model": "item/rabbit_foot/2"
        },


        {
            "predicate": { "custom_model_data": 3 },
            "model": "item/rabbit_foot/3"
        },



        {
            "predicate": { "custom_model_data": 4 },
            "model": "item/rabbit_foot/4"
        },


        {
            "predicate": { "custom_model_data": 5 },
            "model": "item/rabbit_foot/5"
        },


        {
            "predicate": { "custom_model_data": 6 },
            "model": "item/rabbit_foot/6"
        },



        {
            "predicate": { "custom_model_data": 7 },
            "model": "item/rabbit_foot/7"
        },


        {
            "predicate": { "custom_model_data": 8 },
            "model": "item/rabbit_foot/8"
        },


        {
            "predicate": { "custom_model_data": 9 },
            "model": "item/rabbit_foot/9"
        },


        {
            "predicate": { "custom_model_data": 10 },
            "model": "item/rabbit_foot/10"
        },


        {
            "predicate": { "custom_model_data": 11 },
            "model": "item/rabbit_foot/11"
        },


        {
            "predicate": { "custom_model_data": 12 },
            "model": "item/rabbit_foot/12"
        },


        {
            "predicate": { "custom_model_data": 13 },
            "model": "item/rabbit_foot/13"
        },



        {
            "predicate": { "custom_model_data": 14 },
            "model": "item/rabbit_foot/14"
        },


        {
            "predicate": { "custom_model_data": 15 },
            "model": "item/rabbit_foot/15"
        },



        {
            "predicate": { "custom_model_data": 16 },
            "model": "item/rabbit_foot/16"
        },
        {
            "predicate": { "custom_model_data": 17 },
            "model": "item/rabbit_foot/17"
        },
        {
            "predicate": { "custom_model_data": 18 },
            "model": "item/rabbit_foot/18"
        },
        {
            "predicate": { "custom_model_data": 19 },
            "model": "item/rabbit_foot/19"
        },
        {
            "predicate": { "custom_model_data": 20 },
            "model": "item/rabbit_foot/20"
        },
        {
            "predicate": { "custom_model_data": 21 },
            "model": "item/rabbit_foot/21"
        },
        {
            "predicate": { "custom_model_data": 22 },
            "model": "item/rabbit_foot/22"
        },
        {
            "predicate": { "custom_model_data": 23 },
            "model": "item/rabbit_foot/23"
        },
        {
            "predicate": { "custom_model_data": 24 },
            "model": "item/rabbit_foot/24"
        },
        {
            "predicate": { "custom_model_data": 25 },
            "model": "item/rabbit_foot/25"
        },
        {
            "predicate": { "custom_model_data": 26 },
            "model": "item/rabbit_foot/26"
        },
        {
            "predicate": { "custom_model_data": 27 },
            "model": "item/rabbit_foot/27"
        },
        {
            "predicate": { "custom_model_data": 28 },
            "model": "item/rabbit_foot/28"
        },
        {
            "predicate": { "custom_model_data": 29 },
            "model": "item/rabbit_foot/29"
        },
        {
            "predicate": { "custom_model_data": 30 },
            "model": "item/rabbit_foot/30"
        },
        {
            "predicate": { "custom_model_data": 31 },
            "model": "item/rabbit_foot/31"
        },
        {
            "predicate": { "custom_model_data": 32 },
            "model": "item/rabbit_foot/32"
        },
        {
            "predicate": { "custom_model_data": 33 },
            "model": "item/rabbit_foot/33"
        },
        {
            "predicate": { "custom_model_data": 34 },
            "model": "item/rabbit_foot/34"
        },
        {
            "predicate": { "custom_model_data": 35 },
            "model": "item/rabbit_foot/35"
        },
        {
            "predicate": { "custom_model_data": 36 },
            "model": "item/rabbit_foot/36"
        },
        {
            "predicate": { "custom_model_data": 37 },
            "model": "item/rabbit_foot/37"
        },
        {
            "predicate": { "custom_model_data": 38 },
            "model": "item/rabbit_foot/38"
        },
        {
            "predicate": { "custom_model_data": 39 },
            "model": "item/rabbit_foot/39"
        },
        {
            "predicate": { "custom_model_data": 40 },
            "model": "item/rabbit_foot/40"
        },
        {
            "predicate": { "custom_model_data": 41 },
            "model": "item/rabbit_foot/41"
        },
        {
            "predicate": { "custom_model_data": 42 },
            "model": "item/rabbit_foot/42"
        },
        {
            "predicate": { "custom_model_data": 43 },
            "model": "item/rabbit_foot/43"
        },
        {
            "predicate": { "custom_model_data": 44 },
            "model": "item/rabbit_foot/44"
        },
        {
            "predicate": { "custom_model_data": 45 },
            "model": "item/rabbit_foot/45"
        },
        {
            "predicate": { "custom_model_data": 46 },
            "model": "item/rabbit_foot/46"
        },
        {
            "predicate": { "custom_model_data": 47 },
            "model": "item/rabbit_foot/47"
        },
        {
            "predicate": { "custom_model_data": 48 },
            "model": "item/rabbit_foot/48"
        },
        {
            "predicate": { "custom_model_data": 49 },
            "model": "item/rabbit_foot/49"
        },
        {
            "predicate": { "custom_model_data": 50 },
            "model": "item/rabbit_foot/50"
        },
        {
            "predicate": { "custom_model_data": 51 },
            "model": "item/rabbit_foot/51"
        },
        {
            "predicate": { "custom_model_data": 52 },
            "model": "item/rabbit_foot/52"
        },
        {
            "predicate": { "custom_model_data": 53 },
            "model": "item/rabbit_foot/53"
        },
        {
            "predicate": { "custom_model_data": 54 },
            "model": "item/rabbit_foot/54"
        },
        {
            "predicate": { "custom_model_data": 55 },
            "model": "item/rabbit_foot/55"
        },
        {
            "predicate": { "custom_model_data": 56 },
            "model": "item/rabbit_foot/56"
        },
        {
            "predicate": { "custom_model_data": 57 },
            "model": "item/rabbit_foot/57"
        },
        {
            "predicate": { "custom_model_data": 58 },
            "model": "item/rabbit_foot/58"
        },
        {
            "predicate": { "custom_model_data": 59 },
            "model": "item/rabbit_foot/59"
        },
        {
            "predicate": { "custom_model_data": 60 },
            "model": "item/rabbit_foot/60"
        },
        {
            "predicate": { "custom_model_data": 61 },
            "model": "item/rabbit_foot/61"
        },
        {
            "predicate": { "custom_model_data": 62 },
            "model": "item/rabbit_foot/62"
        },
        {
            "predicate": { "custom_model_data": 63 },
            "model": "item/rabbit_foot/63"
        },
        {
            "predicate": { "custom_model_data": 64 },
            "model": "item/rabbit_foot/64"
        }
    ]

  
}