{
  "parent": "minecraft:item/generated",
  "textures": {
    "layer0": "minecraft:item/yellow_dye"
    },

    "overrides": [
        {
            "predicate": { "custom_model_data": 1 },
            "model": "item/yellow_dye/1"
        },
        {
            "predicate": { "custom_model_data": 2 },
            "model": "item/yellow_dye/2"
        },
        {
            "predicate": { "custom_model_data": 3 },
            "model": "item/yellow_dye/3"
        },
        {
            "predicate": { "custom_model_data": 4 },
            "model": "item/yellow_dye/4"
        },
        {
            "predicate": { "custom_model_data": 5 },
            "model": "item/yellow_dye/5"
        },
        {
            "predicate": { "custom_model_data": 6 },
            "model": "item/yellow_dye/6"
        },
        {
            "predicate": { "custom_model_data": 7 },
            "model": "item/yellow_dye/7"
        },
        {
            "predicate": { "custom_model_data": 8 },
            "model": "item/yellow_dye/8"
        },
        {
            "predicate": { "custom_model_data": 9 },
            "model": "item/yellow_dye/9"
        },
        {
            "predicate": { "custom_model_data": 10 },
            "model": "item/yellow_dye/10"
        },
        {
            "predicate": { "custom_model_data": 11 },
            "model": "item/yellow_dye/11"
        },
        {
            "predicate": { "custom_model_data": 12 },
            "model": "item/yellow_dye/12"
        },
        {
            "predicate": { "custom_model_data": 13 },
            "model": "item/yellow_dye/13"
        },
        {
            "predicate": { "custom_model_data": 14 },
            "model": "item/yellow_dye/14"
        },
        {
            "predicate": { "custom_model_data": 15 },
            "model": "item/yellow_dye/15"
        },
        {
            "predicate": { "custom_model_data": 16 },
            "model": "item/yellow_dye/16"
        },
        {
            "predicate": { "custom_model_data": 17 },
            "model": "item/yellow_dye/17"
        },
        {
            "predicate": { "custom_model_data": 18 },
            "model": "item/yellow_dye/18"
        },
        {
            "predicate": { "custom_model_data": 19 },
            "model": "item/yellow_dye/19"
        },
        {
            "predicate": { "custom_model_data": 20 },
            "model": "item/yellow_dye/20"
        },
        {
            "predicate": { "custom_model_data": 21 },
            "model": "item/yellow_dye/21"
        },
        {
            "predicate": { "custom_model_data": 22 },
            "model": "item/yellow_dye/22"
        },
        {
            "predicate": { "custom_model_data": 23 },
            "model": "item/yellow_dye/23"
        }
    ]
  
}