{
	"credit": "Made with Blockbench",
	"elements": [
		{
			"from": [3, 0, 14],
			"to": [12, 1, 16],
			"faces": {
				"north": {"uv": [0, 6, 4.5, 6.5], "texture": "#0"},
				"east": {"uv": [2.5, 1.5, 3.5, 2], "texture": "#0"},
				"south": {"uv": [0, 5.5, 4.5, 6], "texture": "#0"},
				"west": {"uv": [0, 2.5, 1, 3], "texture": "#0"},
				"up": {"uv": [0, 4.5, 4.5, 5.5], "texture": "#0"},
				"down": {"uv": [0, 3.5, 4.5, 4.5], "texture": "#0"}
			}
		},
		{
			"from": [4, 1, 14.5],
			"to": [12, 9, 16],
			"faces": {
				"north": {"uv": [12, 0, 16, 4], "texture": "#0"},
				"east": {"uv": [13, 9.5, 13.5, 10], "texture": "#0"},
				"south": {"uv": [4, 5, 8, 9], "texture": "#0"},
				"west": {"uv": [12.5, 9.5, 13, 10], "texture": "#0"},
				"up": {"uv": [13, 10, 13.5, 10.5], "texture": "#0"},
				"down": {"uv": [12.5, 10, 13, 10.5], "texture": "#0"}
			}
		},
		{
			"from": [4, 9, 14],
			"to": [13, 10, 16],
			"faces": {
				"north": {"uv": [0, 5.5, 4.5, 6], "texture": "#0"},
				"east": {"uv": [0, 0, 1, 0.5], "texture": "#0"},
				"south": {"uv": [0, 3.5, 4.5, 4], "texture": "#0"},
				"west": {"uv": [4.5, 0.5, 5.5, 1], "texture": "#0"},
				"up": {"uv": [0, 4, 4.5, 5], "texture": "#0"},
				"down": {"uv": [0, 7, 4.5, 6], "texture": "#0"}
			}
		},
		{
			"from": [12, 0, 14],
			"to": [13, 9, 16],
			"faces": {
				"north": {"uv": [5, 0, 5.5, 4.5], "texture": "#0"},
				"east": {"uv": [3.5, 0, 4.5, 4.5], "texture": "#0"},
				"south": {"uv": [2, 0, 2.5, 4.5], "texture": "#0"},
				"west": {"uv": [2.5, 0, 3.5, 4.5], "texture": "#0"},
				"up": {"uv": [0.5, 0, 1, 1], "texture": "#0"},
				"down": {"uv": [1.5, 0, 2, 4.5], "texture": "#0"}
			}
		},
		{
			"from": [3, 1, 14],
			"to": [4, 10, 16],
			"faces": {
				"north": {"uv": [4, 0, 4.5, 4.5], "texture": "#0"},
				"east": {"uv": [2.5, 0, 3.5, 4.5], "texture": "#0"},
				"south": {"uv": [3.5, 0, 4, 4.5], "texture": "#0"},
				"west": {"uv": [4.5, 0, 5.5, 4.5], "texture": "#0"},
				"up": {"uv": [5.5, 1, 6, 2], "texture": "#0"},
				"down": {"uv": [5.5, 0, 6, 1], "texture": "#0"}
			}
		}
	],
	"display": {
		"fixed": {
			"translation": [0, 6, -16],
			"scale": [2, 2, 2]
		}
	}
}