{
  "parent": "minecraft:item/generated",
  "textures": {
    "layer0": "minecraft:item/bread"
  },

	"overrides": [
		{
			"predicate": { "custom_model_data": 1 },
			"model": "item/bread/1"
		},
		{
			"predicate": { "custom_model_data": 2 },
			"model": "item/bread/2"
		},
		{
			"predicate": { "custom_model_data": 3 },
			"model": "item/bread/3"
		},
		{
			"predicate": { "custom_model_data": 4 },
			"model": "item/bread/4"
		},
		{
			"predicate": { "custom_model_data": 5 },
			"model": "item/bread/5"
		},
		{
			"predicate": { "custom_model_data": 5 },
			"model": "item/bread/5"
		},
		{
			"predicate": { "custom_model_data": 6 },
			"model": "item/bread/6"
		},
		{
			"predicate": { "custom_model_data": 7 },
			"model": "item/bread/7"
		},
		{
			"predicate": { "custom_model_data": 8 },
			"model": "item/bread/8"
		},
		{
			"predicate": { "custom_model_data": 9 },
			"model": "item/bread/9"
		},
		{
			"predicate": { "custom_model_data": 10 },
			"model": "item/bread/10"
		},
		{
			"predicate": { "custom_model_data": 11 },
			"model": "item/bread/11"
		},
		{
			"predicate": { "custom_model_data": 12 },
			"model": "item/bread/12"
		},
		{
			"predicate": { "custom_model_data": 13 },
			"model": "item/bread/13"
		},
		{"predicate": { "custom_model_data": 14 },"model": "item/bread/14"}
	]
}