{
  "parent": "minecraft:item/generated",
  "textures": {
    "layer0": "minecraft:item/ghast_tear"
  },

  "overrides": [
		{"predicate": {"custom_model_data":1}, "model": "item/ghast_tear/1"},
    {"predicate": {"custom_model_data":2}, "model": "item/ghast_tear/2"},
    {"predicate": {"custom_model_data":3}, "model": "item/ghast_tear/3"},
    {"predicate": {"custom_model_data":4}, "model": "item/ghast_tear/4"},
    {"predicate": {"custom_model_data":5}, "model": "item/ghast_tear/5"},
    {"predicate": {"custom_model_data":6}, "model": "item/ghast_tear/6"},
    {"predicate": {"custom_model_data":7}, "model": "item/ghast_tear/7"},
    {"predicate": {"custom_model_data":8}, "model": "item/ghast_tear/8"},
    {"predicate": {"custom_model_data":9}, "model": "item/ghast_tear/9"},
    {"predicate": {"custom_model_data":10}, "model": "item/ghast_tear/10"},
    {"predicate": {"custom_model_data":11}, "model": "item/ghast_tear/11"},
    {"predicate": {"custom_model_data":12}, "model": "item/ghast_tear/12"}
  ]
}