{
	"parent": "item/handheld",
	"textures": {
		"layer0": "item/iron_sword/1"
	},
	"display": {
		"thirdperson_righthand": {
			"rotation": [-55, 90, 55],
			"translation": [0, 2.5, -2.5],
			"scale": [0.85, 0.85, 0.85]
		},
		"thirdperson_lefthand": {
			"rotation": [-55, -90, -55],
			"translation": [0, 2.5, -2.5],
			"scale": [0.85, 0.85, 0.85]
		},
		"firstperson_righthand": {
			"rotation": [-25, 90, 25],
			"translation": [1.13, 3.7, -0.37],
			"scale": [0.68, 0.68, 0.68]
		},
		"firstperson_lefthand": {
			"rotation": [-25, -90, -25],
			"translation": [1.13, 3.7, -0.37],
			"scale": [0.68, 0.68, 0.68]
		}
	}
}