{
  "parent": "item/generated",
  "textures": {
    "layer0": "item/nether_star"
  },

  "overrides": [
		{"predicate": {"custom_model_data":1}, "model": "item/nether_star/1"},
    {"predicate": {"custom_model_data":2}, "model": "item/nether_star/2"},
    {"predicate": {"custom_model_data":3}, "model": "item/nether_star/3"},
    {"predicate": {"custom_model_data":4}, "model": "item/nether_star/4"},
    {"predicate": {"custom_model_data":5}, "model": "item/nether_star/5"},
    {"predicate": {"custom_model_data":6}, "model": "item/nether_star/6"},
    {"predicate": {"custom_model_data":7}, "model": "item/nether_star/7"},
    {"predicate": {"custom_model_data":8}, "model": "item/nether_star/8"}
  ]
}
