{
	"credit": "Made with Blockbench",
	"elements": [
		{
			"from": [0, 0, 15],
			"to": [17, 4, 16],
			"faces": {
				"north": {"uv": [0, 6, 5.33333, 10], "texture": "#2"},
				"east": {"uv": [0.33333, 10, 0.66667, 14], "texture": "#2"},
				"south": {"uv": [0, 2, 5.33333, 6], "texture": "#2"},
				"west": {"uv": [0, 10, 0.33333, 14], "texture": "#2"},
				"up": {"uv": [0, 0, 5.33333, 1], "texture": "#2"},
				"down": {"uv": [0, 1, 5.33333, 2], "texture": "#2"}
			}
		}
	],
	"display": {
		"thirdperson_righthand": {
			"rotation": [75, 45, 0],
			"translation": [0, 2.5, 2],
			"scale": [0.375, 0.375, 0.375]
		},
		"thirdperson_lefthand": {
			"rotation": [75, 45, 0],
			"translation": [0, 2.5, 2.25],
			"scale": [0.375, 0.375, 0.375]
		},
		"firstperson_righthand": {
			"rotation": [0, 45, 0],
			"translation": [0, 4, 0],
			"scale": [0.4, 0.4, 0.4]
		},
		"firstperson_lefthand": {
			"rotation": [0, 225, 0],
			"translation": [0, 1.25, 0],
			"scale": [0.4, 0.4, 0.4]
		},
		"ground": {
			"translation": [0, 0.75, -2.25],
			"scale": [0.25, 0.25, 0.25]
		},
		"gui": {
			"scale": [0.36, 1, 1]
		},
		"fixed": {
			"translation": [0, 0, -16],
			"scale": [2, 2, 2]
		}
	}
}