{
	"credit": "Made with Blockbench",
	"texture_size": [32, 32],
	"elements": [
		{
			"from": [0, 7, 8],
			"to": [16, 15, 9],
			"rotation": {"angle": 0, "axis": "y", "origin": [0, 7, 7]},
			"faces": {
				"north": {"uv": [0, 0, 8, 4], "texture": "#0"},
				"east": {"uv": [8, 1, 8.5, 5], "texture": "#0"},
				"south": {"uv": [0, 4, 8, 8], "texture": "#0"},
				"west": {"uv": [8, 5, 8.5, 9], "texture": "#0"},
				"up": {"uv": [8, 8.5, 0, 8], "texture": "#0"},
				"down": {"uv": [16, 0, 8, 0.5], "texture": "#0"}
			}
		},
		{
			"from": [0, 15, 7],
			"to": [16, 16, 10],
			"rotation": {"angle": 0, "axis": "y", "origin": [0, 15, 7]},
			"faces": {
				"north": {"uv": [0.5, 15.5, 8.5, 16], "texture": "#0"},
				"east": {"uv": [9, 14, 10.5, 14.5], "texture": "#0"},
				"south": {"uv": [0, 14, 8, 14.5], "texture": "#0"},
				"west": {"uv": [11, 14, 12.5, 14.5], "texture": "#0"},
				"up": {"uv": [0.5, 12, 8.5, 13.5], "texture": "#0"},
				"down": {"uv": [0, 10, 8, 11.5], "texture": "#0"}
			}
		}
	],
	"display": {
		"fixed": {
			"rotation": [90, 0, 0],
			"translation": [0, 0, -16],
			"scale": [2, 2, 2]
		}
	}
}