{
	"credit": "Made with Blockbench",
	"elements": [
		{
			"from": [4, 0, 4],
			"to": [12, 4, 12],
			"color": 6,
			"faces": {
				"north": {"uv": [0, 0, 8, 4], "texture": "#1"},
				"east": {"uv": [0, 0, 8, 4], "texture": "#1"},
				"south": {"uv": [0, 12, 8, 16], "texture": "#1"},
				"west": {"uv": [8, 0, 16, 4], "texture": "#1"},
				"up": {"uv": [0, 4, 8, 12], "texture": "#1"},
				"down": {"uv": [8, 4, 16, 12], "texture": "#1", "cullface": "down"}
			}
		},
		{
			"from": [7, 4, 7],
			"to": [9, 9, 9],
			"color": 3,
			"faces": {
				"north": {"uv": [6, 0, 8, 5], "texture": "#2"},
				"east": {"uv": [0, 0, 2, 5], "texture": "#2"},
				"south": {"uv": [4, 0, 6, 5], "texture": "#2"},
				"west": {"uv": [2, 0, 4, 5], "texture": "#2"}
			}
		},
		{
			"from": [3, 8, 4],
			"to": [5, 14, 12],
			"rotation": {"angle": -22.5, "axis": "z", "origin": [0, 0, 0]},
			"color": 6,
			"faces": {
				"north": {"uv": [4, 6, 6, 12], "texture": "#3"},
				"east": {"uv": [0, 0, 8, 6], "texture": "#3"},
				"south": {"uv": [6, 6, 8, 12], "texture": "#3"},
				"west": {"uv": [8, 0, 16, 6], "texture": "#3"},
				"up": {"uv": [0, 6, 2, 14], "texture": "#3"},
				"down": {"uv": [2, 6, 4, 14], "texture": "#3"}
			}
		}
	],
	"display": {
		"thirdperson_righthand": {
			"rotation": [75, 45, 0],
			"translation": [0, 2.5, 2],
			"scale": [0.375, 0.375, 0.375]
		},
		"thirdperson_lefthand": {
			"rotation": [75, 45, 0],
			"translation": [0, 2.5, 2.25],
			"scale": [0.375, 0.375, 0.375]
		},
		"firstperson_righthand": {
			"rotation": [0, 45, 0],
			"translation": [0, 4, 0],
			"scale": [0.4, 0.4, 0.4]
		},
		"firstperson_lefthand": {
			"rotation": [0, 225, 0],
			"translation": [0, 1.25, 0],
			"scale": [0.4, 0.4, 0.4]
		},
		"ground": {
			"translation": [0, -1, -0.5],
			"scale": [0.25, 0.25, 0.25]
		},
		"gui": {
			"scale": [0.36, 1, 1]
		},
		"fixed": {
			"rotation": [-90, -90, 0],
			"translation": [0, 0, -16],
			"scale": [2, 2, 2]
		}
	}
}