{
	"credit": "Made with Blockbench",
	"texture_size": [64, 64],
	"elements": [
		{
			"from": [0, 14, 0],
			"to": [16, 16, 2],
			"rotation": {"angle": 0, "axis": "y", "origin": [0, 14, 0]},
			"faces": {
				"north": {"uv": [0, 10.5, 4, 11], "texture": "#0"},
				"east": {"uv": [12, 0.5, 12.5, 1], "texture": "#0"},
				"south": {"uv": [4, 10.5, 8, 11], "texture": "#0"},
				"west": {"uv": [12, 1, 12.5, 1.5], "texture": "#0"},
				"up": {"uv": [12, 11, 8, 10.5], "texture": "#0"}
			}
		},
		{
			"from": [14, 14, 2],
			"to": [16, 16, 14],
			"rotation": {"angle": 0, "axis": "y", "origin": [14, 14, 2]},
			"faces": {
				"east": {"uv": [7.5, 11, 10.5, 11.5], "texture": "#0"},
				"west": {"uv": [11, 8, 14, 8.5], "texture": "#0"},
				"up": {"uv": [11, 14, 10.5, 11], "texture": "#0"}
			}
		},
		{
			"from": [0, 14, 2],
			"to": [2, 16, 14],
			"rotation": {"angle": 0, "axis": "y", "origin": [0, 14, 2]},
			"faces": {
				"east": {"uv": [0, 11, 3, 11.5], "texture": "#0"},
				"west": {"uv": [3, 11, 6, 11.5], "texture": "#0"},
				"up": {"uv": [6.5, 14, 6, 11], "texture": "#0"}
			}
		},
		{
			"from": [0, 14, 14],
			"to": [16, 16, 16],
			"rotation": {"angle": 0, "axis": "y", "origin": [0, 14, 14]},
			"faces": {
				"north": {"uv": [8, 5, 12, 5.5], "texture": "#0"},
				"east": {"uv": [9, 11.75, 9.5, 12.25], "texture": "#0"},
				"south": {"uv": [8, 5.5, 12, 6], "texture": "#0"},
				"west": {"uv": [9.5, 11.75, 10, 12.25], "texture": "#0"},
				"up": {"uv": [12, 6.5, 8, 6], "texture": "#0"}
			}
		},
		{
			"from": [6, 14, 9],
			"to": [10, 15, 10],
			"rotation": {"angle": 0, "axis": "y", "origin": [6, 15, 9]},
			"faces": {
				"north": {"uv": [0, 0, 1, 0.25], "texture": "#0"},
				"east": {"uv": [0, 0, 0.25, 0.25], "texture": "#0"},
				"south": {"uv": [0, 0, 1, 0.25], "texture": "#0"},
				"west": {"uv": [0, 0, 0.25, 0.25], "texture": "#0"},
				"up": {"uv": [0, 0, 1, 0.25], "texture": "#0"},
				"down": {"uv": [0, 0, 1, 0.25], "texture": "#0"}
			}
		},
		{
			"from": [6, 14, 6],
			"to": [10, 15, 7],
			"rotation": {"angle": 0, "axis": "y", "origin": [6, 15, 6]},
			"faces": {
				"north": {"uv": [0, 0, 1, 0.25], "texture": "#0"},
				"east": {"uv": [0, 0, 0.25, 0.25], "texture": "#0"},
				"south": {"uv": [0, 0, 1, 0.25], "texture": "#0"},
				"west": {"uv": [0, 0, 0.25, 0.25], "texture": "#0"},
				"up": {"uv": [0, 0, 1, 0.25], "texture": "#0"},
				"down": {"uv": [0, 0, 1, 0.25], "texture": "#0"}
			}
		},
		{
			"from": [6, 14, 7],
			"to": [7, 15, 9],
			"rotation": {"angle": 0, "axis": "y", "origin": [6, 15, 6]},
			"faces": {
				"north": {"uv": [0, 0, 0.25, 0.25], "texture": "#0"},
				"east": {"uv": [0, 0, 0.5, 0.25], "texture": "#0"},
				"south": {"uv": [0, 0, 0.25, 0.25], "texture": "#0"},
				"west": {"uv": [0, 0, 0.5, 0.25], "texture": "#0"},
				"up": {"uv": [0, 0, 0.5, 0.25], "rotation": 90, "texture": "#0"},
				"down": {"uv": [0, 0, 0.5, 0.25], "rotation": 270, "texture": "#0"}
			}
		},
		{
			"from": [9, 14, 7],
			"to": [10, 15, 9],
			"rotation": {"angle": 0, "axis": "y", "origin": [9, 15, 6]},
			"faces": {
				"north": {"uv": [0, 0, 0.25, 0.25], "texture": "#0"},
				"east": {"uv": [0, 0, 0.5, 0.25], "texture": "#0"},
				"south": {"uv": [0, 0, 0.25, 0.25], "texture": "#0"},
				"west": {"uv": [0, 0, 0.5, 0.25], "texture": "#0"},
				"up": {"uv": [0, 0, 0.5, 0.25], "rotation": 90, "texture": "#0"},
				"down": {"uv": [0, 0, 0.5, 0.25], "rotation": 270, "texture": "#0"}
			}
		},
		{
			"from": [0, 2, 0],
			"to": [2, 12, 2],
			"rotation": {"angle": 0, "axis": "y", "origin": [0, 2, -14]},
			"faces": {
				"north": {"uv": [11, 11, 11.5, 13.5], "texture": "#0"},
				"east": {"uv": [0, 11.5, 0.5, 14], "texture": "#0"},
				"south": {"uv": [11.5, 0, 12, 2.5], "texture": "#0"},
				"west": {"uv": [0.5, 11.5, 1, 14], "texture": "#0"}
			}
		},
		{
			"from": [0, 2, 14],
			"to": [2, 12, 16],
			"rotation": {"angle": 0, "axis": "y", "origin": [0, 2, 0]},
			"faces": {
				"north": {"uv": [1, 11.5, 1.5, 14], "texture": "#0"},
				"east": {"uv": [1.5, 11.5, 2, 14], "texture": "#0"},
				"south": {"uv": [2, 11.5, 2.5, 14], "texture": "#0"},
				"west": {"uv": [2.5, 11.5, 3, 14], "texture": "#0"}
			}
		},
		{
			"from": [14, 2, 14],
			"to": [16, 12, 16],
			"rotation": {"angle": 0, "axis": "y", "origin": [14, 2, 0]},
			"faces": {
				"north": {"uv": [11.5, 2.5, 12, 5], "texture": "#0"},
				"east": {"uv": [3, 11.5, 3.5, 14], "texture": "#0"},
				"south": {"uv": [3.5, 11.5, 4, 14], "texture": "#0"},
				"west": {"uv": [4, 11.5, 4.5, 14], "texture": "#0"}
			}
		},
		{
			"from": [14, 2, 0],
			"to": [16, 12, 2],
			"rotation": {"angle": 0, "axis": "y", "origin": [14, 2, -14]},
			"faces": {
				"north": {"uv": [4.5, 11.5, 5, 14], "texture": "#0"},
				"east": {"uv": [5, 11.5, 5.5, 14], "texture": "#0"},
				"south": {"uv": [5.5, 11.5, 6, 14], "texture": "#0"},
				"west": {"uv": [7.5, 11.5, 8, 14], "texture": "#0"}
			}
		},
		{
			"from": [0, 0, 0],
			"to": [16, 2, 16],
			"rotation": {"angle": 0, "axis": "y", "origin": [-2, 0, 0]},
			"faces": {
				"north": {"uv": [8, 6.5, 12, 7], "texture": "#0"},
				"east": {"uv": [7, 8, 11, 8.5], "texture": "#0"},
				"south": {"uv": [8, 7, 12, 7.5], "texture": "#0"},
				"west": {"uv": [8, 7.5, 12, 8], "texture": "#0"},
				"up": {"uv": [4, 4, 0, 0], "texture": "#0"},
				"down": {"uv": [4, 4, 0, 8], "texture": "#0"}
			}
		},
		{
			"from": [1, 2, 1],
			"to": [15, 12, 15],
			"rotation": {"angle": 0, "axis": "y", "origin": [-1, 0, 1]},
			"faces": {
				"north": {"uv": [0, 8, 3.5, 10.5], "texture": "#0"},
				"east": {"uv": [8, 0, 11.5, 2.5], "texture": "#0"},
				"south": {"uv": [8, 2.5, 11.5, 5], "texture": "#0"},
				"west": {"uv": [3.5, 8, 7, 10.5], "texture": "#0"}
			}
		},
		{
			"from": [0, 12, 0],
			"to": [16, 14, 16],
			"rotation": {"angle": 0, "axis": "y", "origin": [-2, 0, 0]},
			"faces": {
				"north": {"uv": [7, 8.5, 11, 9], "texture": "#0"},
				"east": {"uv": [7, 9, 11, 9.5], "texture": "#0"},
				"south": {"uv": [7, 9.5, 11, 10], "texture": "#0"},
				"west": {"uv": [7, 10, 11, 10.5], "texture": "#0"},
				"up": {"uv": [8, 4, 4, 0], "texture": "#0"},
				"down": {"uv": [8, 4, 4, 8], "texture": "#0"}
			}
		}
	],
	"display": {
		"thirdperson_righthand": {
			"rotation": [75, 45, 0],
			"translation": [0, 2.5, 0],
			"scale": [0.375, 0.375, 0.375]
		},
		"thirdperson_lefthand": {
			"rotation": [75, 45, 0],
			"translation": [0, 2.5, 0],
			"scale": [0.375, 0.375, 0.375]
		},
		"firstperson_righthand": {
			"rotation": [0, 45, 0],
			"scale": [0.4, 0.4, 0.4]
		},
		"firstperson_lefthand": {
			"rotation": [0, 225, 0],
			"scale": [0.4, 0.4, 0.4]
		},
		"ground": {
			"translation": [0, 3, 0],
			"scale": [0.25, 0.25, 0.25]
		},
		"gui": {
			"rotation": [30, 225, 0],
			"scale": [0.625, 0.625, 0.625]
		},
		"fixed": {
			"scale": [0.5, 0.5, 0.5]
		}
	},
	"groups": [
		{
			"name": "Top",
			"origin": [0, 14, 14],
			"color": 0,
			"children": [0, 1, 2, 3, 4, 5, 6, 7]
		},
		{
			"name": "Block",
			"origin": [8, 8, 8],
			"color": 0,
			"children": [8, 9, 10, 11, 12, 13, 14]
		}
	]
}