{
    "providers": [ //GUIS
        {
            "type": "bitmap",
            "file": "minecraft:font/mainmenu.png",
            "ascent": -4,
            "height": 108,
            "chars": [
                "\uE000"
            ]
        },
        {
            "type": "bitmap",
            "file": "minecraft:font/empty.png",
            "ascent": -10,
            "height": -5,
            "chars": [
                "\uE001"
            ]
        },
        {
            "type": "bitmap",
            "file": "minecraft:font/crafting.png",
            "ascent": -4,
            "height": 108,
            "chars": [
                "\uE002"
            ]
        },
        {
            "type": "bitmap",
            "file": "minecraft:font/unlocks.png",
            "ascent": -4,
            "height": 108,
            "chars": [
                "\uE003"
            ]
        },
        {
            "type": "bitmap",
            "file": "minecraft:font/megdatabase.png",
            "ascent": -4,
            "height": 108,
            "chars": [
                "\uE004"
            ]
        },
        {
            "type": "bitmap",
            "file": "minecraft:font/faction.png",
            "ascent": -4,
            "height": 108,
            "chars": [
                "\uE005"
            ]
        },
        {
            "type": "bitmap",
            "file": "minecraft:font/events.png",
            "ascent": -4,
            "height": 108,
            "chars": [
                "\uE006"
            ]
        },
        {
            "type": "bitmap",
            "file": "minecraft:font/missions.png",
            "ascent": -4,
            "height": 108,
            "chars": [
                "\uE007"
            ]
        },
        {
            "type": "bitmap",
            "file": "minecraft:font/megentitieseffects.png",
            "ascent": -4,
            "height": 108,
            "chars": [
                "\uE008"
            ]
        },
        {
            "type": "bitmap",
            "file": "minecraft:font/megobjects.png",
            "ascent": -4,
            "height": 108,
            "chars": [
                "\uE009"
            ]
        },
        {
            "type": "bitmap",
            "file": "minecraft:font/meglevels.png",
            "ascent": -4,
            "height": 108,
            "chars": [
                "\uE00A"
            ]
        },
        {
            "type": "bitmap",
            "file": "minecraft:font/megobjectsindividual.png",
            "ascent": -4,
            "height": 108,
            "chars": [
                "\uE00B"
            ]
        },
        {
            "type": "bitmap",
            "file": "minecraft:font/elissa.png",
            "ascent": -4,
            "height": 108,
            "chars": [
                "\uE00C"
            ]
        },
        {
            "type": "bitmap",
            "file": "minecraft:font/disabledcrafting.png",
            "ascent": -4,
            "height": 108,
            "chars": [
                "\uE00D"
            ]
        },
        {
            "type": "bitmap",
            "file": "minecraft:font/mixingtable.png",
            "ascent": -4,
            "height": 108,
            "chars": [
                "\uE00E"
            ]
        },
        {
            "type": "bitmap",
            "file": "minecraft:font/mixingtablerecipes.png",
            "ascent": -4,
            "height": 108,
            "chars": [
                "\uE00F"
            ]
        },
        {
            "type": "bitmap",
            "file": "minecraft:font/settings.png",
            "ascent": -4,
            "height": 108,
            "chars": [
                "\uE010"
            ]
        },
        {
            "type": "bitmap",
            "file": "minecraft:font/smeltrecipe.png",
            "ascent": -4,
            "height": 108,
            "chars": [
                "\uE011"
            ]
        },
        {
            "type": "bitmap",
            "file": "minecraft:font/cauldronrecipe.png",
            "ascent": -4,
            "height": 108,
            "chars": [
                "\uE012"
            ]
        },
        {
            "type": "bitmap",
            "file": "minecraft:font/materialrepair.png",
            "ascent": -4,
            "height": 108,
            "chars": [
                "\uE013"
            ]
        },
        {
            "type": "bitmap",
            "file": "minecraft:font/salvage.png",
            "ascent": -4,
            "height": 108,
            "chars": [
                "\uE014"
            ]
        },
        {
            "type": "bitmap",
            "file": "minecraft:font/modifyequipment.png",
            "ascent": -4,
            "height": 108,
            "chars": [
                "\uE015"
            ]
        },
        {
            "type": "bitmap",
            "file": "minecraft:font/addmodification.png",
            "ascent": -4,
            "height": 108,
            "chars": [
                "\uE016"
            ]
        },
        {
            "type": "bitmap",
            "file": "minecraft:font/removemodification.png",
            "ascent": -4,
            "height": 108,
            "chars": [
                "\uE017"
            ]
        },
        {
            "type": "bitmap",
            "file": "minecraft:font/combinerepair.png",
            "ascent": -4,
            "height": 108,
            "chars": [
                "\uE018"
            ]
        },
        {
            "type": "bitmap",
            "file": "minecraft:font/toolrestore.png",
            "ascent": -4,
            "height": 108,
            "chars": [
                "\uE019"
            ]
        },
        {
            "type": "bitmap",
            "file": "minecraft:font/grindstone.png",
            "ascent": -4,
            "height": 108,
            "chars": [
                "\uE01A"
            ]
        },
        {
            "type": "bitmap",
            "file": "minecraft:font/grindingrecipes.png",
            "ascent": -4,
            "height": 108,
            "chars": [
                "\uE01B"
            ]
        },
        {
            "type": "bitmap",
            "file": "minecraft:font/genericshop.png",
            "ascent": -4,
            "height": 108,
            "chars": [
                "\uE01C"
            ]
        },
        {
            "type": "bitmap",
            "file": "minecraft:font/battlematching.png",
            "ascent": -4,
            "height": 108,
            "chars": [
                "\uE01D"
            ]
        },
        {
            "type": "bitmap",
            "file": "minecraft:font/recipes.png",
            "ascent": -4,
            "height": 108,
            "chars": [
                "\uE01E"
            ]
        },
        {
            "type": "bitmap",
            "file": "minecraft:font/megapartments.png",
            "ascent": -4,
            "height": 108,
            "chars": [
                "\uE01F"
            ]
        },
        {
            "type": "bitmap",
            "file": "minecraft:font/majorexplorergroup.png",
            "ascent": -4,
            "height": 108,
            "chars": [
                "\uE020"
            ]
        },
        {
            "type": "bitmap",
            "file": "minecraft:font/megentitiesindiv.png",
            "ascent": -4,
            "height": 108,
            "chars": [
                "\uE021"
            ]
        },
        {
            "type": "bitmap",
            "file": "minecraft:font/discoveries.png",
            "ascent": -4,
            "height": 108,
            "chars": [
                "\uE022"
            ]
        },
        {
            "type": "bitmap",
            "file": "minecraft:font/emojis.png",
            "ascent": -4,
            "height": 108,
            "chars": [
                "\uE023"
            ]
        },
        {
            "type": "bitmap",
            "file": "minecraft:font/cosmetics.png",
            "ascent": -4,
            "height": 108,
            "chars": [
                "\uE024"
            ]
        },
        {
            "type": "bitmap",
            "file": "minecraft:font/dailydecor.png",
            "ascent": -4,
            "height": 108,
            "chars": [
                "\uE025"
            ]
        },
        {
            "type": "bitmap",
            "file": "minecraft:font/scrap.png",
            "ascent": -4,
            "height": 108,
            "chars": [
                "\uE026"
            ]
        },
        {
            "type": "bitmap",
            "file": "minecraft:font/compass.png",
            "ascent": -4,
            "height": 108,
            "chars": [
                "\uE027"
            ]
        },
        {
            "type": "bitmap",
            "file": "minecraft:font/bntg.png",
            "ascent": -4,
            "height": 108,
            "chars": [
                "\uE028"
            ]
        },
        {
            "type": "bitmap",
            "file": "minecraft:font/painting.png",
            "ascent": -4,
            "height": 108,
            "chars": [
                "\uE029"
            ]
        },
        {
            "type": "bitmap",
            "file": "minecraft:font/bank.png",
            "ascent": -4,
            "height": 108,
            "chars": [
                "\uE02A"
            ]
        },
        {
            "type": "bitmap",
            "file": "minecraft:font/conauction.png",
            "ascent": -4,
            "height": 108,
            "chars": [
                "\uE02B"
            ]
        },
        {
            "type": "bitmap",
            "file": "minecraft:font/tradersvault.png",
            "ascent": -4,
            "height": 108,
            "chars": [
                "\uE02C"
            ]
        },
        {
            "type": "bitmap",
            "file": "minecraft:font/auctionmain.png",
            "ascent": -4,
            "height": 108,
            "chars": [
                "\uE02D"
            ]
        },
        {
            "type": "bitmap",
            "file": "minecraft:font/auctionitem.png",
            "ascent": -4,
            "height": 108,
            "chars": [
                "\uE02E"
            ]
        },
        {
            "type": "bitmap",
            "file": "minecraft:font/funnel.png",
            "ascent": -4,
            "height": 108,
            "chars": [
                "\uE02F"
            ]
        },
        {
            "type": "bitmap",
            "file": "minecraft:font/stb.png",
            "ascent": -4,
            "height": 108,
            "chars": [
                "\uE030"
            ]
        },
        {
            "type": "bitmap",
            "file": "minecraft:font/menus.png",
            "ascent": -4,
            "height": 108,
            "chars": [
                "\uE031"
            ]
        },
        //EMOJIS -----------------------------------------------------------------------------

        {
            "type": "bitmap",
            "file": "minecraft:font/emojis/1.png",
            "ascent": 10,
            "height": 12,
            "chars": [
                "\uEFFF"
            ]
        },
        {
            "type": "bitmap",
            "file": "minecraft:font/emojis/2.png",
            "ascent": 10,
            "height": 12,
            "chars": [
                "\uEFFE"
            ]
        },
        {
            "type": "bitmap",
            "file": "minecraft:font/emojis/3.png",
            "ascent": 10,
            "height": 12,
            "chars": [
                "\uEFFD"
            ]
        },
        {
            "type": "bitmap",
            "file": "minecraft:font/emojis/4.png",
            "ascent": 10,
            "height": 12,
            "chars": [
                "\uEFFC"
            ]
        },
        {
            "type": "bitmap",
            "file": "minecraft:font/emojis/5.png",
            "ascent": 10,
            "height": 12,
            "chars": [
                "\uEFFB"
            ]
        },
        {
            "type": "bitmap",
            "file": "minecraft:font/emojis/6.png",
            "ascent": 10,
            "height": 12,
            "chars": [
                "\uEFFA"
            ]
        },
        {
            "type": "bitmap",
            "file": "minecraft:font/emojis/7.png",
            "ascent": 10,
            "height": 12,
            "chars": [
                "\uEFF9"
            ]
        },
        {
            "type": "bitmap",
            "file": "minecraft:font/emojis/8.png",
            "ascent": 10,
            "height": 12,
            "chars": [
                "\uEFF8"
            ]
        },
        {
            "type": "bitmap",
            "file": "minecraft:font/emojis/9.png",
            "ascent": 10,
            "height": 12,
            "chars": [
                "\uEFF7"
            ]
        },
        {
            "type": "bitmap",
            "file": "minecraft:font/emojis/10.png",
            "ascent": 10,
            "height": 12,
            "chars": [
                "\uEFF6"
            ]
        },
        {
            "type": "bitmap",
            "file": "minecraft:font/emojis/11.png",
            "ascent": 10,
            "height": 12,
            "chars": [
                "\uEFF5"
            ]
        },
        {
            "type": "bitmap",
            "file": "minecraft:font/emojis/12.png",
            "ascent": 10,
            "height": 12,
            "chars": [
                "\uEFF4"
            ]
        },
        {
            "type": "bitmap",
            "file": "minecraft:font/emojis/13.png",
            "ascent": 10,
            "height": 12,
            "chars": [
                "\uEFF3"
            ]
        },
        {
            "type": "bitmap",
            "file": "minecraft:font/emojis/14.png",
            "ascent": 10,
            "height": 12,
            "chars": [
                "\uEFF2"
            ]
        },
        {
            "type": "bitmap",
            "file": "minecraft:font/emojis/15.png",
            "ascent": 10,
            "height": 12,
            "chars": [
                "\uEFF1"
            ]
        },
        {
            "type": "bitmap",
            "file": "minecraft:font/emojis/16.png",
            "ascent": 10,
            "height": 12,
            "chars": [
                "\uEFF0"
            ]
        },
        {
            "type": "bitmap",
            "file": "minecraft:font/emojis/17.png",
            "ascent": 10,
            "height": 12,
            "chars": [
                "\uEFEF"
            ]
        },
        {
            "type": "bitmap",
            "file": "minecraft:font/emojis/18.png",
            "ascent": 10,
            "height": 12,
            "chars": [
                "\uEFEE"
            ]
        },
        {
            "type": "bitmap",
            "file": "minecraft:font/emojis/19.png",
            "ascent": 10,
            "height": 12,
            "chars": [
                "\uEFED"
            ]
        },

        //BACKPACKS -----------------------------------------------------------------------------

        {
            "type": "bitmap",
            "file": "minecraft:font/backpacks.png",
            "ascent": -1,
            "height": 24,
            "chars": [
                "\uEBAC"
            ]
        }


    ]
}


