{
	"credit": "Made with Blockbench",
	"textures": {
		"0": "item/ghast_tear/2_light",
		"2": "item/ghast_tear/2_med",
		"3": "item/ghast_tear/2_dark",
		"particle": "item/ghast_tear/2_light"
	},
	"elements": [
		{
			"from": [6, 5, 15],
			"to": [10, 11, 16],
			"faces": {
				"north": {"uv": [0, 0, 4, 6], "texture": "#0"},
				"east": {"uv": [0, 0, 1, 6], "texture": "#0"},
				"south": {"uv": [0, 0, 4, 6], "texture": "#0"},
				"west": {"uv": [0, 0, 1, 6], "texture": "#0"},
				"up": {"uv": [0, 0, 4, 1], "texture": "#0"},
				"down": {"uv": [0, 0, 4, 1], "texture": "#0"}
			}
		},
		{
			"from": [7.05, 0.1, 16.03],
			"to": [8.95, 2.1, 17.03],
			"rotation": {"angle": -22.5, "axis": "x", "origin": [0, 0, 0]},
			"faces": {
				"north": {"uv": [0, 0, 1.9, 2], "texture": "#2"},
				"east": {"uv": [0, 0, 1, 2], "texture": "#2"},
				"south": {"uv": [0, 0, 1.9, 2], "texture": "#2"},
				"west": {"uv": [0, 0, 1, 2], "texture": "#2"},
				"up": {"uv": [0, 0, 1.9, 1], "texture": "#2"},
				"down": {"uv": [0, 0, 1.9, 1], "texture": "#2"}
			}
		},
		{
			"from": [7, 8, 14],
			"to": [9, 10, 15],
			"faces": {
				"north": {"uv": [0, 0, 2, 2], "texture": "#3"},
				"east": {"uv": [0, 0, 1, 2], "texture": "#3"},
				"south": {"uv": [0, 0, 2, 2], "texture": "#3"},
				"west": {"uv": [0, 0, 1, 2], "texture": "#3"},
				"up": {"uv": [0, 0, 2, 1], "texture": "#3"},
				"down": {"uv": [0, 0, 2, 1], "texture": "#3"}
			}
		}
	],
	"display": {
		"thirdperson_righthand": {
			"translation": [0, 0, -5.75]
		},
		"thirdperson_lefthand": {
			"translation": [0, 0, -5.75]
		},
		"firstperson_righthand": {
			"translation": [-5.5, 3.25, 0]
		},
		"firstperson_lefthand": {
			"translation": [-5.5, 3.25, 0]
		},
		"ground": {
			"translation": [0, 0, -6.75]
		},
		"fixed": {
			"translation": [0, 0, -16],
			"scale": [2, 2, 2]
		}
	}
}