{
	"credit": "Made with Blockbench",
	"textures": {
		"0": "item/ghast_tear/3",
		"particle": "item/ghast_tear/3"
	},
	"elements": [
		{
			"from": [2, 13, 15],
			"to": [3, 15, 15.1],
			"rotation": {"angle": 0, "axis": "y", "origin": [0, 1, 0]},
			"faces": {
				"north": {"uv": [0, 0, 1, 2], "texture": "#0"},
				"east": {"uv": [0, 0, 0.1, 2], "texture": "#0"},
				"south": {"uv": [0, 0, 1, 2], "texture": "#0"},
				"west": {"uv": [0, 0, 0.1, 2], "texture": "#0"},
				"up": {"uv": [0, 0, 1, 0.1], "texture": "#0"},
				"down": {"uv": [0, 0, 1, 0.1], "texture": "#0"}
			}
		},
		{
			"from": [4, 12, 15],
			"to": [5, 15, 15.1],
			"rotation": {"angle": 0, "axis": "y", "origin": [0, 1, 0]},
			"faces": {
				"north": {"uv": [0, 0, 1, 3], "texture": "#0"},
				"east": {"uv": [0, 0, 0.1, 3], "texture": "#0"},
				"south": {"uv": [0, 0, 1, 3], "texture": "#0"},
				"west": {"uv": [0, 0, 0.1, 3], "texture": "#0"},
				"up": {"uv": [0, 0, 1, 0.1], "texture": "#0"},
				"down": {"uv": [0, 0, 1, 0.1], "texture": "#0"}
			}
		},
		{
			"from": [0, 15, 15],
			"to": [16, 16, 15.1],
			"rotation": {"angle": 0, "axis": "y", "origin": [0, 1, 0]},
			"faces": {
				"north": {"uv": [0, 0, 16, 1], "texture": "#0"},
				"east": {"uv": [0, 0, 0.1, 1], "texture": "#0"},
				"south": {"uv": [0, 0, 16, 1], "texture": "#0"},
				"west": {"uv": [0, 0, 0.1, 1], "texture": "#0"},
				"up": {"uv": [0, 0, 16, 0.1], "texture": "#0"},
				"down": {"uv": [0, 0, 16, 0.1], "texture": "#0"}
			}
		},
		{
			"from": [0, 14, 15],
			"to": [1, 15, 15.1],
			"rotation": {"angle": 0, "axis": "y", "origin": [0, 1, 0]},
			"faces": {
				"north": {"uv": [0, 0, 1, 1], "texture": "#0"},
				"east": {"uv": [0, 0, 0.1, 1], "texture": "#0"},
				"south": {"uv": [0, 0, 1, 1], "texture": "#0"},
				"west": {"uv": [0, 0, 0.1, 1], "texture": "#0"},
				"up": {"uv": [0, 0, 1, 0.1], "texture": "#0"},
				"down": {"uv": [0, 0, 1, 0.1], "texture": "#0"}
			}
		},
		{
			"from": [8, 14, 15],
			"to": [9, 15, 15.1],
			"rotation": {"angle": 0, "axis": "y", "origin": [0, 1, 0]},
			"faces": {
				"north": {"uv": [0, 0, 1, 1], "texture": "#0"},
				"east": {"uv": [0, 0, 0.1, 1], "texture": "#0"},
				"south": {"uv": [0, 0, 1, 1], "texture": "#0"},
				"west": {"uv": [0, 0, 0.1, 1], "texture": "#0"},
				"up": {"uv": [0, 0, 1, 0.1], "texture": "#0"},
				"down": {"uv": [0, 0, 1, 0.1], "texture": "#0"}
			}
		},
		{
			"from": [13, 14, 15],
			"to": [14, 15, 15.1],
			"rotation": {"angle": 0, "axis": "y", "origin": [0, 1, 0]},
			"faces": {
				"north": {"uv": [0, 0, 1, 1], "texture": "#0"},
				"east": {"uv": [0, 0, 0.1, 1], "texture": "#0"},
				"south": {"uv": [0, 0, 1, 1], "texture": "#0"},
				"west": {"uv": [0, 0, 0.1, 1], "texture": "#0"},
				"up": {"uv": [0, 0, 1, 0.1], "texture": "#0"},
				"down": {"uv": [0, 0, 1, 0.1], "texture": "#0"}
			}
		},
		{
			"from": [7, 13, 15],
			"to": [8, 15, 15.1],
			"rotation": {"angle": 0, "axis": "y", "origin": [0, 1, 0]},
			"faces": {
				"north": {"uv": [0, 0, 1, 2], "texture": "#0"},
				"east": {"uv": [0, 0, 0.1, 2], "texture": "#0"},
				"south": {"uv": [0, 0, 1, 2], "texture": "#0"},
				"west": {"uv": [0, 0, 0.1, 2], "texture": "#0"},
				"up": {"uv": [0, 0, 1, 0.1], "texture": "#0"},
				"down": {"uv": [0, 0, 1, 0.1], "texture": "#0"}
			}
		},
		{
			"from": [15, 13, 15],
			"to": [16, 15, 15.1],
			"faces": {
				"north": {"uv": [0, 0, 1, 2], "texture": "#0"},
				"east": {"uv": [0, 0, 0.1, 2], "texture": "#0"},
				"south": {"uv": [0, 0, 1, 2], "texture": "#0"},
				"west": {"uv": [0, 0, 0.1, 2], "texture": "#0"},
				"up": {"uv": [0, 0, 1, 0.1], "texture": "#0"},
				"down": {"uv": [0, 0, 1, 0.1], "texture": "#0"}
			}
		},
		{
			"from": [11, 12, 15],
			"to": [12, 15, 15.1],
			"rotation": {"angle": 0, "axis": "y", "origin": [0, 1, 0]},
			"faces": {
				"north": {"uv": [0, 0, 1, 3], "texture": "#0"},
				"east": {"uv": [0, 0, 0.1, 3], "texture": "#0"},
				"south": {"uv": [0, 0, 1, 3], "texture": "#0"},
				"west": {"uv": [0, 0, 0.1, 3], "texture": "#0"},
				"up": {"uv": [0, 0, 1, 0.1], "texture": "#0"},
				"down": {"uv": [0, 0, 1, 0.1], "texture": "#0"}
			}
		},
		{
			"from": [3, 11, 15],
			"to": [4, 15, 15.1],
			"rotation": {"angle": 0, "axis": "y", "origin": [0, 1, 0]},
			"faces": {
				"north": {"uv": [0, 0, 1, 4], "texture": "#0"},
				"east": {"uv": [0, 0, 0.1, 4], "texture": "#0"},
				"south": {"uv": [0, 0, 1, 4], "texture": "#0"},
				"west": {"uv": [0, 0, 0.1, 4], "texture": "#0"},
				"up": {"uv": [0, 0, 1, 0.1], "texture": "#0"},
				"down": {"uv": [0, 0, 1, 0.1], "texture": "#0"}
			}
		},
		{
			"from": [5, 14, 15],
			"to": [6, 15, 15.1],
			"rotation": {"angle": 0, "axis": "y", "origin": [0, 1, 0]},
			"faces": {
				"north": {"uv": [0, 0, 1, 1], "texture": "#0"},
				"east": {"uv": [0, 0, 0.1, 1], "texture": "#0"},
				"south": {"uv": [0, 0, 1, 1], "texture": "#0"},
				"west": {"uv": [0, 0, 0.1, 1], "texture": "#0"},
				"up": {"uv": [0, 0, 1, 0.1], "texture": "#0"},
				"down": {"uv": [0, 0, 1, 0.1], "texture": "#0"}
			}
		}
	],
	"display": {
		"thirdperson_righthand": {
			"translation": [0, -5.5, -4.5]
		},
		"thirdperson_lefthand": {
			"translation": [0, -5.5, -4.5]
		},
		"ground": {
			"translation": [0, 0, -6]
		},
		"fixed": {
			"translation": [0, 0, -14.25],
			"scale": [2, 2, 2]
		}
	}
}