{
  "parent": "minecraft:item/handheld_rod",
  "textures": {
    "layer0": "minecraft:item/carrot_on_a_stick"
  },

    "overrides": [
        {
            "predicate": { "custom_model_data": 1 },
            "model": "item/carrot_on_a_stick/1"
        },


        {
            "predicate": { "custom_model_data": 2 },
            "model": "item/carrot_on_a_stick/2"
        },


        {
            "predicate": { "custom_model_data": 3 },
            "model": "item/carrot_on_a_stick/3"
        },


        {
            "predicate": { "custom_model_data": 4 },
            "model": "item/carrot_on_a_stick/4"
        },


        {
            "predicate": { "custom_model_data": 5 },
            "model": "item/carrot_on_a_stick/5"
        },


        {
            "predicate": { "custom_model_data": 6 },
            "model": "item/carrot_on_a_stick/6"
        },


        {
            "predicate": { "custom_model_data": 7 },
            "model": "item/carrot_on_a_stick/7"
        },


        {
            "predicate": { "custom_model_data": 8 },
            "model": "item/carrot_on_a_stick/8"
        },


        {
            "predicate": { "custom_model_data": 9 },
            "model": "item/carrot_on_a_stick/9"
        },


        {
            "predicate": { "custom_model_data": 9 },
            "model": "item/carrot_on_a_stick/9"
        },
        {
            "predicate": { "custom_model_data": 10 },
            "model": "item/carrot_on_a_stick/10"
        },
        {
            "predicate": { "custom_model_data": 11 },
            "model": "item/carrot_on_a_stick/11"
        },
        {
            "predicate": { "custom_model_data": 12 },
            "model": "item/carrot_on_a_stick/12"
        },
        {
            "predicate": { "custom_model_data": 13 },
            "model": "item/carrot_on_a_stick/13"
        },
        {"predicate": { "custom_model_data": 14 },"model": "item/carrot_on_a_stick/14"},
        {"predicate": { "custom_model_data": 15 },"model": "item/carrot_on_a_stick/15"},
        {"predicate": { "custom_model_data": 16 },"model": "item/carrot_on_a_stick/16"},
        {"predicate": { "custom_model_data": 17 },"model": "item/carrot_on_a_stick/17"},
        {"predicate": { "custom_model_data": 18 },"model": "item/carrot_on_a_stick/18"},
        {"predicate": { "custom_model_data": 19 },"model": "item/carrot_on_a_stick/19"},
        {"predicate": { "custom_model_data": 20 },"model": "item/carrot_on_a_stick/20"},
        {"predicate": { "custom_model_data": 21 },"model": "item/carrot_on_a_stick/21"},
        {"predicate": { "custom_model_data": 22 },"model": "item/carrot_on_a_stick/22"},
        {"predicate": { "custom_model_data": 23 },"model": "item/carrot_on_a_stick/23"},
        {"predicate": { "custom_model_data": 24 },"model": "item/carrot_on_a_stick/24"},
        {"predicate": { "custom_model_data": 25 },"model": "item/carrot_on_a_stick/25"},
        {"predicate": { "custom_model_data": 26 },"model": "item/carrot_on_a_stick/26"},
        {"predicate": { "custom_model_data": 27 },"model": "item/carrot_on_a_stick/27"},
        {"predicate": { "custom_model_data": 28 },"model": "item/carrot_on_a_stick/28"},
        {"predicate": { "custom_model_data": 29 },"model": "item/carrot_on_a_stick/29"},
        {"predicate": { "custom_model_data": 30 },"model": "item/carrot_on_a_stick/30"},
        {"predicate": { "custom_model_data": 31 },"model": "item/carrot_on_a_stick/31"},
        {"predicate": { "custom_model_data": 32 },"model": "item/carrot_on_a_stick/32"},
        {"predicate": { "custom_model_data": 33 },"model": "item/carrot_on_a_stick/33"},
        {"predicate": { "custom_model_data": 34 },"model": "item/carrot_on_a_stick/34"},
        {"predicate": { "custom_model_data": 35 },"model": "item/carrot_on_a_stick/35"},
        {"predicate": { "custom_model_data": 36 },"model": "item/carrot_on_a_stick/36"},
        {"predicate": { "custom_model_data": 37 },"model": "item/carrot_on_a_stick/37"},
        {"predicate": { "custom_model_data": 38 },"model": "item/carrot_on_a_stick/38"},
        {"predicate": { "custom_model_data": 39 },"model": "item/carrot_on_a_stick/39"},
        {"predicate": { "custom_model_data": 40 },"model": "item/carrot_on_a_stick/40"},
        {"predicate": { "custom_model_data": 41 },"model": "item/carrot_on_a_stick/41"},
        {"predicate": { "custom_model_data": 42 },"model": "item/carrot_on_a_stick/42"},
        {"predicate": { "custom_model_data": 43 },"model": "item/carrot_on_a_stick/43"},
        {"predicate": { "custom_model_data": 44 },"model": "item/carrot_on_a_stick/44"},
        {"predicate": { "custom_model_data": 45 },"model": "item/carrot_on_a_stick/45"},
        {"predicate": { "custom_model_data": 46 },"model": "item/carrot_on_a_stick/46"},
        {"predicate": { "custom_model_data": 47 },"model": "item/carrot_on_a_stick/47"},
        {"predicate": { "custom_model_data": 48 },"model": "item/carrot_on_a_stick/48"},
        {"predicate": { "custom_model_data": 49 },"model": "item/carrot_on_a_stick/49"},
        {"predicate": { "custom_model_data": 50 },"model": "item/carrot_on_a_stick/50"},
        {"predicate": { "custom_model_data": 51 },"model": "item/carrot_on_a_stick/51"},
        {"predicate": { "custom_model_data": 52 },"model": "item/carrot_on_a_stick/52"},
        {"predicate": { "custom_model_data": 53 },"model": "item/carrot_on_a_stick/53"},
        {"predicate": { "custom_model_data": 54 },"model": "item/carrot_on_a_stick/54"}
    ]
}