{
  "parent": "minecraft:item/generated",
  "textures": {
    "layer0": "minecraft:item/ghast_tear"
  },

  "overrides": [
		{"predicate": {"custom_model_data":1}, "model": "item/ghast_tear/1"},
    {"predicate": {"custom_model_data":2}, "model": "item/ghast_tear/2"},
    {"predicate": {"custom_model_data":3}, "model": "item/ghast_tear/3"},
    {"predicate": {"custom_model_data":4}, "model": "item/ghast_tear/4"},
    {"predicate": {"custom_model_data":5}, "model": "item/ghast_tear/5"},
    {"predicate": {"custom_model_data":6}, "model": "item/ghast_tear/6"},
    {"predicate": {"custom_model_data":7}, "model": "item/ghast_tear/7"},
    {"predicate": {"custom_model_data":8}, "model": "item/ghast_tear/8"},
    {"predicate": {"custom_model_data":9}, "model": "item/ghast_tear/9"},
    {"predicate": {"custom_model_data":10}, "model": "item/ghast_tear/10"},
    {"predicate": {"custom_model_data":11}, "model": "item/ghast_tear/11"},
    {"predicate": {"custom_model_data":12}, "model": "item/ghast_tear/12"},
    {"predicate": {"custom_model_data":13}, "model": "item/ghast_tear/13"},
    {"predicate": {"custom_model_data":14}, "model": "item/ghast_tear/14"},
    {"predicate": {"custom_model_data":15}, "model": "item/ghast_tear/15"},
    {"predicate": {"custom_model_data":16}, "model": "item/ghast_tear/16"},
    {"predicate": {"custom_model_data":17}, "model": "item/ghast_tear/17"},
    {"predicate": {"custom_model_data":18}, "model": "item/ghast_tear/18"},
    {"predicate": {"custom_model_data":19}, "model": "item/ghast_tear/19"},
    {"predicate": {"custom_model_data":20}, "model": "item/ghast_tear/20"},
    {"predicate": {"custom_model_data":21}, "model": "item/ghast_tear/21"},
    {"predicate": {"custom_model_data":22}, "model": "item/ghast_tear/22"},
    {"predicate": {"custom_model_data":23}, "model": "item/ghast_tear/23"},
    {"predicate": {"custom_model_data":24}, "model": "item/ghast_tear/24"},
    {"predicate": {"custom_model_data":25}, "model": "item/ghast_tear/25"},
    {"predicate": {"custom_model_data":26}, "model": "item/ghast_tear/26"},
    {"predicate": {"custom_model_data":27}, "model": "item/ghast_tear/27"},
    {"predicate": {"custom_model_data":28}, "model": "item/ghast_tear/28"},
    {"predicate": {"custom_model_data":29}, "model": "item/ghast_tear/29"},
    {"predicate": {"custom_model_data":30}, "model": "item/ghast_tear/30"},
    {"predicate": {"custom_model_data":31}, "model": "item/ghast_tear/31"},
    {"predicate": {"custom_model_data":32}, "model": "item/ghast_tear/32"},
    {"predicate": {"custom_model_data":33}, "model": "item/ghast_tear/33"},

    {"predicate": {"custom_model_data":100}, "model": "item/ghast_tear/100"},
    {"predicate": {"custom_model_data":101}, "model": "item/ghast_tear/101"},
    {"predicate": {"custom_model_data":102}, "model": "item/ghast_tear/102"},
    {"predicate": {"custom_model_data":103}, "model": "item/ghast_tear/103"},
    {"predicate": {"custom_model_data":1000}, "model": "item/ghast_tear/1000"},
    {"predicate": {"custom_model_data":1001}, "model": "item/ghast_tear/1001"},
    {"predicate": {"custom_model_data":1002}, "model": "item/ghast_tear/1002"},
    {"predicate": {"custom_model_data":1003}, "model": "item/ghast_tear/1003"},
    {"predicate": {"custom_model_data":1004}, "model": "item/ghast_tear/1004"},
    {"predicate": {"custom_model_data":1005}, "model": "item/ghast_tear/1005"},
    {"predicate": {"custom_model_data":1006}, "model": "item/ghast_tear/1006"},
    {"predicate": {"custom_model_data":1007}, "model": "item/ghast_tear/1007"},
    {"predicate": {"custom_model_data":1008}, "model": "item/ghast_tear/1008"},
    {"predicate": {"custom_model_data":1009}, "model": "item/ghast_tear/1009"},
    {"predicate": {"custom_model_data":1010}, "model": "item/ghast_tear/1010"}
  ]
}