{
  "parent": "minecraft:item/generated",
  "textures": {
    "layer0": "minecraft:item/ghast_tear"
  },

  "overrides": [
		{"predicate": {"custom_model_data":1}, "model": "item/ghast_tear/1"},
    {"predicate": {"custom_model_data":2}, "model": "item/ghast_tear/2"},
    {"predicate": {"custom_model_data":3}, "model": "item/ghast_tear/3"},
    {"predicate": {"custom_model_data":8}, "model": "item/ghast_tear/8"},
    {"predicate": {"custom_model_data":9}, "model": "item/ghast_tear/9"},
    {"predicate": {"custom_model_data":10}, "model": "item/ghast_tear/10"},
    {"predicate": {"custom_model_data":11}, "model": "item/ghast_tear/11"},
    {"predicate": {"custom_model_data":12}, "model": "item/ghast_tear/12"},
    {"predicate": {"custom_model_data":1000}, "model": "item/ghast_tear/1000"},
    {"predicate": {"custom_model_data":1001}, "model": "item/ghast_tear/1001"},
    {"predicate": {"custom_model_data":1002}, "model": "item/ghast_tear/1002"},
    {"predicate": {"custom_model_data":1003}, "model": "item/ghast_tear/1003"},
    {"predicate": {"custom_model_data":1004}, "model": "item/ghast_tear/1004"}
  ]
}