{
  "parent": "minecraft:item/generated",
  "textures": {
    "layer0": "minecraft:item/ghast_tear"
  },

  "overrides": [
		{"predicate": {"custom_model_data":1}, "model": "item/ghast_tear/baseboards/1"},
    {"predicate": {"custom_model_data":2}, "model": "item/ghast_tear/baseboards/2"},
    {"predicate": {"custom_model_data":3}, "model": "item/ghast_tear/baseboards/3"},
    {"predicate": {"custom_model_data":4}, "model": "item/ghast_tear/baseboards/4"},
    {"predicate": {"custom_model_data":5}, "model": "item/ghast_tear/baseboards/5"},
    {"predicate": {"custom_model_data":6}, "model": "item/ghast_tear/baseboards/6"},
    {"predicate": {"custom_model_data":7}, "model": "item/ghast_tear/baseboards/7"},
    {"predicate": {"custom_model_data":8}, "model": "item/ghast_tear/baseboards/8"},
    {"predicate": {"custom_model_data":9}, "model": "item/ghast_tear/baseboards/9"},
    {"predicate": {"custom_model_data":10}, "model": "item/ghast_tear/baseboards/10"},
    {"predicate": {"custom_model_data":11}, "model": "item/ghast_tear/baseboards/11"},
    {"predicate": {"custom_model_data":12}, "model": "item/ghast_tear/baseboards/12"},
    {"predicate": {"custom_model_data":13}, "model": "item/ghast_tear/baseboards/13"},
    {"predicate": {"custom_model_data":14}, "model": "item/ghast_tear/baseboards/14"},
    {"predicate": {"custom_model_data":15}, "model": "item/ghast_tear/baseboards/15"},
    {"predicate": {"custom_model_data":16}, "model": "item/ghast_tear/baseboards/16"},
    {"predicate": {"custom_model_data":17}, "model": "item/ghast_tear/baseboards/17"},
    {"predicate": {"custom_model_data":18}, "model": "item/ghast_tear/baseboards/18"},
    {"predicate": {"custom_model_data":19}, "model": "item/ghast_tear/baseboards/19"},
    {"predicate": {"custom_model_data":20}, "model": "item/ghast_tear/baseboards/20"},
    {"predicate": {"custom_model_data":21}, "model": "item/ghast_tear/baseboards/21"},
    {"predicate": {"custom_model_data":22}, "model": "item/ghast_tear/baseboards/22"},
    {"predicate": {"custom_model_data":23}, "model": "item/ghast_tear/baseboards/23"},
    {"predicate": {"custom_model_data":24}, "model": "item/ghast_tear/baseboards/24"},
    {"predicate": {"custom_model_data":25}, "model": "item/ghast_tear/baseboards/25"},
    {"predicate": {"custom_model_data":26}, "model": "item/ghast_tear/baseboards/26"},
    {"predicate": {"custom_model_data":27}, "model": "item/ghast_tear/baseboards/27"},
    {"predicate": {"custom_model_data":28}, "model": "item/ghast_tear/baseboards/28"},
    {"predicate": {"custom_model_data":29}, "model": "item/ghast_tear/baseboards/29"},
    {"predicate": {"custom_model_data":30}, "model": "item/ghast_tear/baseboards/30"},
    {"predicate": {"custom_model_data":31}, "model": "item/ghast_tear/baseboards/31"},
    {"predicate": {"custom_model_data":32}, "model": "item/ghast_tear/baseboards/32"},
    {"predicate": {"custom_model_data":33}, "model": "item/ghast_tear/baseboards/33"},
    {"predicate": {"custom_model_data":34}, "model": "item/ghast_tear/baseboards/34"},
    {"predicate": {"custom_model_data":35}, "model": "item/ghast_tear/baseboards/35"},
    {"predicate": {"custom_model_data":36}, "model": "item/ghast_tear/baseboards/36"},
    {"predicate": {"custom_model_data":37}, "model": "item/ghast_tear/baseboards/37"},
    {"predicate": {"custom_model_data":38}, "model": "item/ghast_tear/baseboards/38"},
    {"predicate": {"custom_model_data":39}, "model": "item/ghast_tear/baseboards/39"},
    {"predicate": {"custom_model_data":40}, "model": "item/ghast_tear/baseboards/40"},
    {"predicate": {"custom_model_data":41}, "model": "item/ghast_tear/baseboards/41"},
    {"predicate": {"custom_model_data":42}, "model": "item/ghast_tear/baseboards/42"},
    {"predicate": {"custom_model_data":43}, "model": "item/ghast_tear/baseboards/43"},
    {"predicate": {"custom_model_data":44}, "model": "item/ghast_tear/baseboards/44"},
    {"predicate": {"custom_model_data":45}, "model": "item/ghast_tear/baseboards/45"},
    {"predicate": {"custom_model_data":46}, "model": "item/ghast_tear/baseboards/46"},
    {"predicate": {"custom_model_data":47}, "model": "item/ghast_tear/baseboards/47"},
    {"predicate": {"custom_model_data":48}, "model": "item/ghast_tear/baseboards/48"},
    {"predicate": {"custom_model_data":49}, "model": "item/ghast_tear/baseboards/49"},
    {"predicate": {"custom_model_data":50}, "model": "item/ghast_tear/baseboards/50"},
    {"predicate": {"custom_model_data":51}, "model": "item/ghast_tear/baseboards/51"},
    {"predicate": {"custom_model_data":52}, "model": "item/ghast_tear/baseboards/52"},
    {"predicate": {"custom_model_data":53}, "model": "item/ghast_tear/baseboards/53"},
    {"predicate": {"custom_model_data":54}, "model": "item/ghast_tear/baseboards/54"},

    {"predicate": {"custom_model_data":70}, "model": "item/ghast_tear/70"},

    {"predicate": {"custom_model_data":100}, "model": "item/ghast_tear/100"},
    {"predicate": {"custom_model_data":101}, "model": "item/ghast_tear/101"},
    {"predicate": {"custom_model_data":102}, "model": "item/ghast_tear/102"},
    {"predicate": {"custom_model_data":103}, "model": "item/ghast_tear/103"},
    {"predicate": {"custom_model_data":104}, "model": "item/ghast_tear/104"},
    {"predicate": {"custom_model_data":105}, "model": "item/ghast_tear/105"},
    {"predicate": {"custom_model_data":106}, "model": "item/ghast_tear/106"},
    {"predicate": {"custom_model_data":107}, "model": "item/ghast_tear/107"},
    {"predicate": {"custom_model_data":108}, "model": "item/ghast_tear/108"},
    {"predicate": {"custom_model_data":109}, "model": "item/ghast_tear/109"},

    {"predicate": {"custom_model_data":1000}, "model": "item/ghast_tear/1000"},
    {"predicate": {"custom_model_data":1001}, "model": "item/ghast_tear/1001"},
    {"predicate": {"custom_model_data":1002}, "model": "item/ghast_tear/1002"},
    {"predicate": {"custom_model_data":1003}, "model": "item/ghast_tear/1003"},
    {"predicate": {"custom_model_data":1004}, "model": "item/ghast_tear/1004"},
    {"predicate": {"custom_model_data":1005}, "model": "item/ghast_tear/1005"},
    {"predicate": {"custom_model_data":1006}, "model": "item/ghast_tear/1006"},
    {"predicate": {"custom_model_data":1007}, "model": "item/ghast_tear/1007"},
    {"predicate": {"custom_model_data":1008}, "model": "item/ghast_tear/1008"},
    {"predicate": {"custom_model_data":1009}, "model": "item/ghast_tear/1009"},
    {"predicate": {"custom_model_data":1010}, "model": "item/ghast_tear/1010"},
    {"predicate": {"custom_model_data":1011}, "model": "item/ghast_tear/1011"}
  ]
}