{
  "parent": "item/generated",
  "textures": {
    "layer0": "item/glistering_melon_slice"
  },

  "overrides": [
		{"predicate": {"custom_model_data":1}, "model": "expb:item/firesalt_ingot"},
		{"predicate": {"custom_model_data":2}, "model": "expb:item/bandage"},
		{"predicate": {"custom_model_data":3}, "model": "expb:item/level_1_key"},
		{"predicate": {"custom_model_data":4}, "model": "expb:item/level_0_key"},
		{"predicate": {"custom_model_data":5}, "model": "expb:item/level_2_key"},
		{"predicate": {"custom_model_data":6}, "model": "expb:item/level_24_key"},
		{"predicate": {"custom_model_data":7}, "model": "expb:item/level_phi_key"},
		{"predicate": {"custom_model_data":8}, "model": "expb:item/corroded_level_2_key"},
		{"predicate": {"custom_model_data":9}, "model": "expb:item/level_4_key"},
		{"predicate": {"custom_model_data":10}, "model": "expb:item/elevator_keycard"},
		{"predicate": {"custom_model_data":11}, "model": "expb:item/level_-1_key"},
		{"predicate": {"custom_model_data":12}, "model": "expb:item/level_5_key"},
		{"predicate": {"custom_model_data":13}, "model": "expb:item/level_whiteout_key"}
  ]
}