{
    "parent": "item/generated",
    "textures": {
        "layer0": "item/leather_chestplate",
        "layer1": "item/leather_chestplate_overlay"
    },

    "overrides": [
		    {"predicate": {"custom_model_data":1}, "model": "expb:item/steel_chestplate"},
        {"predicate": {"custom_model_data":2}, "model": "expb:item/titanium_chestplate"},
        {"predicate": {"custom_model_data":3}, "model": "expb:item/basic_scuba_chestplate"},
        {"predicate": {"custom_model_data":4}, "model": "expb:item/advanced_scuba_chestplate"}
    ]
}
