{
  "parent": "item/generated",
  "textures": {
    "layer0": "item/nether_star"
  },

  "overrides": [
		{"predicate": {"custom_model_data":1}, "model": "expb:item/blue_menu"},
    {"predicate": {"custom_model_data":2}, "model": "expb:item/black_menu"},
    {"predicate": {"custom_model_data":3}, "model": "expb:item/gilded_menu"},
    {"predicate": {"custom_model_data":4}, "model": "expb:item/purple_menu"},
    {"predicate": {"custom_model_data":5}, "model": "expb:item/construction_menu"},
    {"predicate": {"custom_model_data":6}, "model": "expb:item/gray_phone"},
    {"predicate": {"custom_model_data":7}, "model": "expb:item/blue_phone"},
    {"predicate": {"custom_model_data":8}, "model": "expb:item/snake_phone"}
  ]
}