{
    "parent": "item/generated",
    "textures": {
      "layer0": "item/potion_overlay",
      "layer1": "item/potion"
    },
    "overrides": [
      {
        "predicate": {
          "custom_model_data": 1
        },
        "model": "expb:item/chocolate_milkshake"
      },
      {
        "predicate": {
          "custom_model_data": 2
        },
        "model": "expb:item/smiler_fumes"
      },
      {
        "predicate": {
          "custom_model_data": 3
        },
        "model": "expb:item/energy_drink"
      },
      {
        "predicate": {
          "custom_model_data": 4
        },
        "model": "expb:item/antidark_fumes"
      },
      {
        "predicate": {
          "custom_model_data": 5
        },
        "model": "expb:item/tea"
      },
      {
        "predicate": {
          "custom_model_data": 6
        },
        "model": "expb:item/4d_concoction"
      },
      {
        "predicate": {
          "custom_model_data": 7
        },
        "model": "expb:item/magmaphobic_soda"
      },
      {
        "predicate": {
          "custom_model_data": 8
        },
        "model": "expb:item/haste_brew"
      },
      {
        "predicate": {
          "custom_model_data": 9
        },
        "model": "expb:item/water_jug"
      },
      {
        "predicate": {
          "custom_model_data": 10
        },
        "model": "expb:item/stimulating_brew"
      },
      {
        "predicate": {
          "custom_model_data": 11
        },
        "model": "expb:item/shadow_concoction"
      },
      {
        "predicate": {
          "custom_model_data": 12
        },
        "model": "expb:item/ice_water"
      },
      {
        "predicate": {
          "custom_model_data": 13
        },
        "model": "expb:item/deathmoth_jelly"
      }
    ]
}