{
  "parent": "minecraft:item/generated",
  "textures": {
    "layer0": "minecraft:item/red_dye"
  },

	"overrides": [
		{
			"predicate": { "custom_model_data": 1 },
			"model": "item/red_dye/1"
		},
		{
			"predicate": { "custom_model_data": 2 },
			"model": "item/red_dye/2"
		},
		{
			"predicate": { "custom_model_data": 3 },
			"model": "item/red_dye/3"
		},
		{
			"predicate": { "custom_model_data": 4 },
			"model": "item/red_dye/4"
		},
		{
			"predicate": { "custom_model_data": 5 },
			"model": "item/red_dye/5"
		},
		{
			"predicate": { "custom_model_data": 6 },
			"model": "item/red_dye/6"
		},
		{
			"predicate": { "custom_model_data": 7 },
			"model": "item/red_dye/7"
		},
		{
			"predicate": { "custom_model_data": 8 },
			"model": "item/red_dye/8"
		},
		{
			"predicate": { "custom_model_data": 8 },
			"model": "item/red_dye/8"
		},
		{
			"predicate": { "custom_model_data": 8 },
			"model": "item/red_dye/8"
		},
		{
			"predicate": { "custom_model_data": 9 },
			"model": "item/red_dye/9"
		},
		{
			"predicate": { "custom_model_data": 10 },
			"model": "item/red_dye/10"
		},
		{
			"predicate": { "custom_model_data": 11 },
			"model": "item/red_dye/11"
		},
		{
			"predicate": { "custom_model_data": 12 },
			"model": "item/red_dye/12"
		}
	]
}